Brand,Processor_Speed,RAM_Size,Storage_Capacity,Screen_Size,Weight,Price
Asus,3.8734519807443997,16,512,11.227537881559366,2.6821671461736556,22453.49
Acer,2.9191275028343235,4,1000,11.344350560299002,3.262293043710292,15704.0
Lenovo,3.306839210896278,4,256,11.980155833763208,2.0523007547645022,11706.58
Acer,3.8344581015594663,16,512,12.300860711217572,4.596166820507778,21080.31
Acer,3.2846361775263277,32,1000,14.93098274931002,4.1620729040406195,30471.45
HP,1.8682914774271442,16,256,11.807940900609557,4.8928272945286055,12802.95
Lenovo,2.9078605335013257,32,256,11.64884175567496,4.3173395520152935,24664.61
Lenovo,3.0102556864224863,4,256,15.70874809689835,2.9615619871061325,12855.93
Lenovo,2.52659790042979,4,512,14.925904813904596,2.8055063004617278,13279.34
Acer,3.3606163004837297,32,512,13.640195507771248,4.162094007652203,27450.11
Asus,3.884897111853451,4,1000,14.37857264032747,3.0789820082344637,22118.15
Lenovo,3.8060939142834274,32,512,12.894731709193971,3.7218018109699003,27662.61
Acer,2.6554331576820664,8,512,13.926921187715411,2.00079797356923,15216.94
HP,1.7624182424953825,16,256,14.09248420692635,2.3108469164048646,12435.37
Asus,3.9530289922596165,8,256,13.353766096814388,3.6451101238386445,13113.57
HP,3.572796296577872,32,256,16.56815919783084,3.702417861136342,25834.84
Asus,1.747662711956052,16,256,11.013147851627826,4.269986942050918,12326.21
Acer,3.8010087060458724,32,256,15.71226156869458,2.416251229644189,27675.38
Dell,3.6785944572832534,16,256,11.600837752728177,3.5613864283095102,16381.19
Asus,2.829070972778029,16,256,15.619384468248272,2.571343022412738,16467.89
HP,3.002051736942402,16,1000,14.688937811592169,2.259871993726325,27907.56
Acer,2.521775346646496,16,1000,16.103138911133996,3.2238947140953393,21950.71
Asus,1.607683010361542,32,1000,11.71553937602439,2.433025359014812,28690.12
Dell,2.3517780232968732,16,1000,14.54746714323948,2.7012596549256793,22367.1
Dell,3.554611440459476,16,256,14.112116135226422,2.9125784874760567,17925.95
Lenovo,1.5229760930327794,8,1000,15.295332357331995,2.725167698280353,18686.46
Lenovo,2.3886057376198107,4,256,14.218540499823959,2.2620561688896323,9802.63
HP,2.555990717310954,4,1000,14.121909157743954,2.2632426030946124,19931.47
Asus,2.8354349592360584,8,512,13.565892732997044,2.592229969491954,16759.82
Asus,3.778730848679484,8,1000,12.956236684144704,2.1232672954087963,24166.56
Lenovo,2.3430211209523346,32,1000,13.965448715995397,3.8597439311192328,27388.08
Asus,2.3218989301374724,32,256,11.608047420875767,2.89658612478113,25026.4
Asus,3.328201033291905,32,1000,16.818202085679186,2.8707987633319725,36446.03
Dell,2.6667748157172055,8,512,15.328736006709006,3.0254711350221295,15344.76
Lenovo,1.9953909300924177,8,256,16.74279390973626,3.990087203246739,13099.48
Acer,2.5999751883103213,16,256,12.358135849549592,4.620347775617085,12734.69
Lenovo,1.8483286076999397,32,1000,16.329292838414702,4.288782742052441,27406.16
Acer,1.9146519102469075,32,256,15.908524950494224,4.149785603684836,16946.95
Dell,2.730100853521493,32,256,15.011597773511529,3.526875886809853,21927.31
HP,2.5319437335287005,4,256,14.786576241421804,4.14799607252662,11469.78
Asus,3.7793885460683976,16,256,12.884146380347444,3.697999383650797,20952.78
Dell,2.3841011069082905,32,256,15.779486000370484,2.627458505239507,23676.5
Asus,2.9271344792794425,32,256,13.96416420607535,2.6527223091206595,25254.62
HP,3.1086900121764627,32,512,11.300254280520079,2.938094517514339,25525.6
HP,1.5642257668066444,4,1000,12.955586447936389,4.671248167823383,14648.45
Dell,3.117427129684354,4,512,16.64025374147631,3.7269701092241028,14651.33
HP,1.8623019951961917,8,256,16.0756423147326,4.114746750447819,11661.67
Acer,3.9345770391607657,16,256,17.005075895922328,3.074906570435097,20372.13
HP,1.8347928068262185,8,1000,14.773399568231081,3.295811427308299,20361.54
Asus,2.542942654471352,16,512,12.370562618365122,2.3710435627104025,17332.51
Asus,1.6664040140057632,4,1000,11.941732014846478,2.5063616534738573,20230.64
Asus,4.031118279172658,32,512,12.252114978632632,4.515452704110783,29796.74
Asus,2.8317975626871523,8,256,11.065215900076394,3.84710998966334,11653.83
Acer,2.9939467505762694,32,1000,13.366110369016262,2.9985440157543883,30966.14
Lenovo,1.6648681140172832,8,1000,12.208076212958426,4.3695058673933405,18310.47
Dell,3.3652369887422426,4,256,13.517128641504609,2.7183709441335493,13624.42
Asus,2.048217962078352,4,1000,16.80592337494924,4.8504723961863005,19536.4
HP,3.762166326129822,4,512,13.489136996489279,3.079340718174267,14605.34
Asus,2.0429540548116036,8,512,16.181789935466384,2.9862287098179894,17405.34
HP,1.957881805981224,16,512,14.540248243927088,2.9253187589068377,19305.47
HP,1.6015777008123766,8,512,12.459115854287,2.4118156043438144,13106.45
Asus,2.6638933207738122,16,256,13.223078746609865,2.3145659257755447,17229.65
Acer,2.8803713637144392,8,1000,11.420978448544856,3.98226962337179,15978.9
HP,1.663041135940777,8,512,13.089844402051579,4.573449708483326,11775.91
HP,3.411143659826214,4,256,15.068055806615423,4.41949750223122,13057.05
Asus,2.668433896802347,32,1000,11.343946822119738,2.440418033127327,34876.27
HP,2.7851180619784754,32,1000,12.092298854342747,3.632317413835216,30225.31
HP,2.612813245566191,16,256,13.166440608975122,2.32331931232711,17750.51
Asus,2.4838049832255233,32,256,16.839028949437065,2.0715458661065953,25246.15
Asus,2.90741271078367,8,512,15.695638843693816,3.9745576153516504,16885.59
Dell,1.87238071762312,8,1000,15.50860551709106,3.598373511773221,21442.7
Acer,1.9171039879924514,4,1000,11.761072796127735,2.183099425112534,17509.02
Acer,3.668977234762348,4,256,15.618860061523524,2.0712639678726377,12430.7
HP,3.858226186676685,32,1000,15.744306091765864,4.962806977330377,38101.29
Acer,2.4418528389210565,16,512,14.738739875281349,2.059699387199824,14315.23
HP,2.1639963947899714,32,1000,17.092084085672635,3.2129790638979583,31200.92
Dell,3.0701607626844862,32,256,12.926370954623025,3.56767645080353,24741.21
Asus,2.554330785656929,32,256,16.72429776382751,2.3447359496468527,24110.9
Asus,1.5855686218140947,32,512,16.59958311909005,2.3934878248573215,24264.68
Asus,1.8733726641488786,8,512,10.948318204641998,3.1621631662150276,12005.78
Acer,3.292023948523458,16,1000,13.659706591876093,4.347097245206647,26945.84
Dell,3.1785704392702665,8,1000,17.040226897063302,3.5037981696273834,23499.69
Acer,1.5540288311828367,16,256,11.594645285638784,3.87158074909055,13391.32
Acer,2.0458738696766567,4,512,14.052392057123827,4.975683225810051,11020.44
Dell,2.0849959664704,32,512,16.864068097415686,4.314132646683836,23137.99
Dell,3.1659591270901837,8,512,14.422942584564431,3.330188990663672,16459.13
Dell,1.574989104295521,16,1000,12.139412652777008,3.297344751726894,23075.66
Dell,1.7552044315522117,4,512,14.550328496299588,3.9112048321715966,13978.47
Asus,3.476269137183154,4,256,12.30170120350974,3.9724225190979356,11478.49
Lenovo,1.9646208200320538,32,256,14.08983058125232,3.5361710649427924,20878.54
Lenovo,3.0976013501467463,16,1000,11.40270186856094,3.8947367054220887,25370.81
Dell,2.1559033094505424,8,1000,14.64517129336277,2.2030046825299707,23116.39
Lenovo,1.796078372805769,32,512,14.114961948603339,3.323644759138795,20757.01
Lenovo,2.1233353418062655,8,1000,15.445294358156536,2.981025842049113,19050.62
Dell,3.3185472602937454,4,256,14.791815348767308,2.428903434545634,12576.53
Lenovo,3.6507144128002937,8,512,14.23775392041488,2.270566320582891,14877.87
Acer,3.5608768178399117,8,256,15.198696048295204,3.8510455365234617,14016.73
HP,2.501878113416562,32,512,11.911590037202423,3.615830532367496,24434.5
HP,3.14251886311288,8,1000,14.465277298220787,2.779418558213996,21851.02
Dell,2.027575291092758,32,512,12.001530631569791,3.444369799919146,22635.24
Asus,2.258904733943472,4,512,16.56057963691444,3.5147833020176087,13738.83
Dell,3.729496963273299,32,256,11.367259588891532,2.5353428907775606,25456.32
Asus,1.5146517549521985,32,256,13.633238256351785,3.9030362654084545,19039.79
HP,1.6773970163967329,16,512,15.169434262856097,4.30304721922755,15811.35
Dell,2.063454294872039,8,1000,13.761659072365969,4.380767742387082,20047.83
Acer,1.5508605886692828,4,1000,11.520514774798768,3.7962509335366943,14794.49
Lenovo,1.9476264166439945,32,256,14.160816590887395,3.486137219260895,23036.43
Asus,2.966608569974102,4,1000,14.68576358723913,2.2217871395421667,22857.11
Lenovo,2.5620276057679425,16,256,15.269922629678408,2.8776461375616416,16698.33
Lenovo,3.754076080562869,8,1000,13.260911852895703,2.2882607899030525,21102.06
Dell,3.5322290067509523,32,512,14.41705280268066,4.878570017376724,25438.73
Lenovo,2.3203833410905625,8,256,13.71487667699851,2.3863290335590035,12431.96
Acer,2.109148624309062,16,256,15.049501624783401,2.4132596714628574,15241.77
Lenovo,2.4318533634328823,16,512,14.578863673838416,4.715416869618344,21136.16
Dell,2.9471818420467804,4,256,14.190106867146921,4.796610206346714,11383.9
Acer,2.1610506008979575,32,1000,12.580418949053982,4.307956641039371,26478.7
HP,3.099599633945635,4,1000,11.025828053787533,2.099315290831611,18240.73
Lenovo,2.5122107843015904,16,256,12.020459512626996,1.9874259256352236,13732.51
Dell,2.868788426289914,8,1000,11.717932477517513,3.1823374163983122,22682.8
HP,2.5898243595506183,4,256,13.627614239546697,2.458621560834461,12417.24
HP,2.2239956491184323,4,512,14.643161150258114,2.0707318046178447,15288.83
Asus,3.8691115303338464,8,256,12.292715756800053,3.4137174903087515,13630.82
Acer,3.425240562073842,4,512,16.647488042355207,4.824440363757367,15302.43
Lenovo,1.8768254710590309,8,1000,11.03157926494309,2.9731975231469665,15067.46
Dell,3.7012663357369524,32,512,15.52275131417812,3.9560163378748032,31230.09
Asus,2.7802835622457147,8,1000,14.802141380896314,3.958778915454026,26910.59
Acer,3.7534613506204018,32,256,13.308067078814055,2.7239790112063282,24239.85
Asus,3.5666725069087675,8,1000,11.434428906094627,4.001558501125423,21745.46
Acer,2.5397393069312946,16,256,14.800261510432774,2.5520270514267516,16065.1
Acer,1.618911817873031,16,256,13.313798023929206,2.390074905286941,12564.67
Lenovo,2.1602821168357775,32,512,16.536560475710502,4.120979191750185,21133.11
Acer,2.845624968729277,32,512,14.371301878887481,2.3526232495205517,25831.95
Asus,3.080099373142682,16,512,16.657735705910973,5.041952603211341,19772.5
Acer,2.138160592248244,32,512,12.338372014745861,2.5360510239485405,22931.18
Lenovo,1.8509653970838553,8,1000,15.334030966330312,3.795197280497975,17412.88
Lenovo,3.569924751923595,8,1000,14.678056559777566,3.148296619828445,23638.31
Asus,3.9859043169510215,16,1000,15.491510717711938,2.3583934231102397,28508.91
HP,2.797640404718079,4,256,12.206291934022532,2.126318544291001,10832.8
HP,1.9488665265683454,8,1000,15.120001646159347,3.801238760101676,20969.37
Acer,2.2266000248841356,32,1000,14.100844474944283,4.428259859719915,24475.45
Dell,1.5352636202744345,4,1000,15.428624925688531,4.4921711309260415,19024.25
Acer,3.8095785189406235,4,512,12.893158699641063,3.4425910706422167,14990.52
Asus,1.8111524858924484,8,1000,16.17912567372308,4.301482527109077,19557.61
Asus,3.0088777952522263,8,256,11.405694777869364,3.9561816202509634,13115.1
Asus,2.1699931347726666,4,512,15.901528832177759,4.192063748245389,15551.4
Asus,2.909297154793657,4,256,16.1931451036026,3.4753171775642047,14082.34
Asus,3.079770638126364,16,1000,15.943006153425415,3.9308666767107416,25611.83
Lenovo,3.559478756945899,32,512,13.928711994744722,4.456299636128113,25565.32
HP,2.0266549645294156,16,256,13.598644630576354,3.2549154635255197,15590.47
Asus,1.5692843707188946,8,1000,17.08695554365183,4.424611039874884,22118.17
Dell,1.8054360742224924,16,256,12.367349514859423,3.8394815795973494,14381.97
Dell,3.7736293238424965,16,256,14.17947221648635,2.4489143477428112,19976.87
Dell,3.6828284902117994,16,256,15.015124965826521,2.1195004631351604,18709.52
Dell,2.9478869258240015,16,1000,15.143524421699372,3.1112303220138484,26659.3
Lenovo,3.0067397564625966,32,1000,12.250842319227104,3.6517436175147595,30583.24
Dell,3.2138665233549855,32,256,14.925608184349825,4.541697668318621,23940.62
Asus,1.9048155167612755,4,512,15.953681132014607,2.3344200965039654,18076.43
Acer,3.7827317333512944,8,512,11.202677570785465,4.3407817025544855,14691.84
Dell,2.5173271426909962,16,1000,16.43323043445869,4.674518547505531,22922.59
Lenovo,2.443788832666443,4,1000,11.264259078183164,2.4436263520926373,17523.29
Lenovo,2.8402593675128327,4,1000,13.02748379057553,4.545633286822322,16003.53
Dell,1.609269182672896,4,1000,11.014630216114574,4.919245229816311,17660.4
Acer,1.957755394015658,32,1000,11.478814796036856,4.106427577869871,26348.97
Dell,3.378355662503874,16,512,16.48994809820718,4.34989310153435,19997.69
Lenovo,1.6961145324082827,16,1000,13.090056997057467,4.966166406601184,21385.29
HP,2.9928022898477833,8,256,13.52635455193921,3.8165304694149587,13688.81
Asus,2.0864928099988673,16,256,12.334724333219768,2.928016843067857,16662.43
Lenovo,2.4453125992791396,16,512,14.65054542126111,4.637065556291202,20486.65
Dell,2.232330563761985,4,256,14.483281554843558,3.826528333497946,11040.11
Asus,2.3885882317059237,8,512,13.262347912601552,3.822583276560042,13345.23
Dell,3.2789065999127374,16,512,13.119170510832848,2.843007877294362,19405.85
Dell,2.196341401394239,32,256,16.300514484174634,4.3066840230122585,20941.52
HP,2.9191969637769093,16,1000,13.213318305550128,2.2332455109528335,24616.39
Asus,2.6760394401259093,4,256,13.87091860022027,4.704787595577347,12277.78
Asus,3.1533189825391568,32,256,12.686969579244634,3.0013675761781498,25920.81
HP,3.8512142031728374,4,512,15.803484804532173,2.4342645623550183,16576.67
Lenovo,3.2563761571839893,16,256,13.381428473406821,3.4144839725214053,17171.37
Dell,1.9913527083656182,32,512,14.096804837658421,2.0799118300572608,27055.41
Acer,1.6468511299573672,8,1000,12.440435685784065,4.041702263335635,15731.57
Dell,2.140461795548574,8,1000,17.004606964685635,4.660923301814926,25270.65
Dell,2.9121718336787112,32,1000,12.65732175984911,4.480115121793681,33179.39
Lenovo,1.5850663283251383,32,256,15.584095466691576,2.4153277970554243,16449.85
Dell,2.815449639062334,4,512,13.615367091104257,2.3448481728549093,13523.34
HP,2.9710171984841285,32,1000,12.074149910639246,4.399089888106942,31627.83
HP,2.3703801843893166,4,512,15.812229475764024,4.8126126169954615,13345.67
Asus,3.43091404931467,16,512,12.918514848862916,3.4045464290026453,22826.81
Acer,1.7519466217094606,4,1000,16.192484036299593,3.5144139106380567,16743.15
Dell,1.7111078184624147,32,1000,16.463378660889983,2.9221417562472243,28792.95
Dell,3.2489411902483196,32,512,16.327409798375534,4.747446518679977,27160.39
Lenovo,2.695494311919798,16,1000,11.178597793704842,3.9354332257430573,19139.01
HP,3.2062354607051535,32,512,15.871652179861302,2.983764238439844,27580.04
Acer,2.5467812145612774,32,512,13.514992982289534,2.9044069216362574,25672.61
Asus,2.098581749442648,8,1000,16.17822080343497,4.556932827098449,22820.31
HP,3.573367185555984,8,256,14.854190450129211,1.922008294978621,13393.03
Asus,3.502503799062527,16,1000,15.977506025156726,2.9993772152721885,29289.67
Lenovo,3.2766596882013546,4,256,14.01596321846031,3.7280947512656475,11880.59
Lenovo,2.186224101605459,8,512,14.153041748598936,2.405460979801781,13672.01
Dell,3.0053504921175533,4,512,12.00154000346968,2.381345201237627,14474.57
Acer,2.4005126333462123,32,256,15.77795599939987,4.528978940121385,20789.06
Asus,1.7112469188157922,8,512,13.518880195454757,4.693740504117579,13610.2
HP,3.837700980321864,16,256,14.13880989107506,4.497791959512376,18804.57
Lenovo,1.8207660686593214,16,256,15.716528624100874,4.741090180081469,14866.44
Dell,3.885908729245735,16,512,14.680882397665528,3.75383565804114,23931.31
Dell,2.638081353291623,8,256,12.209656411657798,4.470881161308305,13369.27
Asus,1.9880771032306745,4,1000,14.572906962490203,3.161524497786859,18903.95
Lenovo,2.819789088339295,32,1000,13.439282045402514,4.032418644316448,28227.96
Acer,3.7139231018658685,4,512,13.824777360573092,4.993374608239954,13726.71
Lenovo,3.3011935586406853,4,512,11.183510195247049,2.723403680881132,13396.25
Asus,3.5407239793141243,32,256,12.206597550498618,3.091198074219265,27259.52
Asus,3.163013620908266,32,256,12.654142994932322,3.4559348044276295,31803.49
Lenovo,3.2552503311480283,8,256,15.260419645833942,2.4370684864391428,14898.83
Asus,3.5868390232803264,8,256,11.087331721132875,2.239473473042562,15576.92
Lenovo,2.1418079144299966,8,1000,13.450217245814514,4.528376921175751,19649.79
HP,2.756130219400096,8,1000,16.638003825260455,5.02644149951121,21794.47
Lenovo,2.058825478043858,8,512,11.739053164813114,3.2210860480441976,12652.9
Lenovo,3.9446115196034794,32,256,14.082840124829639,2.2975355626193448,29071.51
Asus,3.887740777646373,4,256,15.829677006141237,2.277748520094307,13457.36
Asus,1.6019846172642878,8,512,16.805029495006735,4.682032844377988,15350.65
Dell,3.2137046033743903,8,256,15.317153733608539,3.3470195890650998,14075.23
Dell,3.786235109669665,4,256,15.39797649867174,2.9908708921415723,13530.53
HP,1.9356495268815244,8,256,15.903489805388055,3.319300506878295,15269.87
Dell,2.9650376250107633,4,256,13.741267167571124,2.839993932178908,9268.1
Lenovo,3.828626236559291,4,256,15.934126230958713,3.4837579282786733,13326.94
Asus,1.6246740023961974,32,512,10.977627020911864,4.461420671599718,18693.86
Dell,3.2505214764476156,16,256,16.39918016433957,3.7111457260648777,19077.58
Dell,2.2707803621847527,32,512,13.726673784160322,4.06495639025501,26286.08
HP,3.776767106180749,16,256,14.331113325793174,3.0579412112157156,19059.08
HP,3.9278497058652033,16,1000,12.395818393177086,4.2081273103542,23765.07
Lenovo,3.8742152038330726,16,1000,15.657550157479555,4.055494761676542,24455.3
Asus,2.6532885699243858,8,1000,11.509768391832017,2.370610033824365,23371.64
HP,3.66140399016254,32,1000,16.289422818491023,3.675962539257781,33140.5
Dell,3.661972671911806,16,512,16.07796639424302,2.837952542568488,22689.36
Asus,2.314514276644958,4,512,12.249894781240878,4.340844147073568,13988.67
Asus,3.599815041576617,8,256,15.866382718678668,3.288907300839423,14942.84
Dell,1.5189468790857636,32,1000,15.612600645266506,4.9070481968388755,31563.74
HP,3.03741376167972,16,512,14.744663710740882,2.290117209103419,21383.06
Dell,2.0694384227866927,4,256,13.271973861435663,4.325112218025846,8178.6
Asus,1.7783566250210958,32,256,12.49576975172061,4.075217096202788,20379.88
Acer,1.6871438685187248,32,512,12.339798378081854,4.338530965331827,18858.13
Acer,3.196171274946922,8,1000,12.837419059786628,2.893232419871786,20442.14
Lenovo,2.38112567127273,32,256,16.432718040244808,3.4372164861063896,20874.63
Dell,3.30185505713869,8,1000,11.511820756865916,4.37377072251952,20686.06
Dell,1.6412319276365739,16,1000,16.032599881867867,2.791402567864282,24428.16
Lenovo,2.2831841926058747,8,1000,13.173245781833193,2.7590530144213603,20319.27
Lenovo,2.882268700575627,4,256,14.23936572379394,3.6047394506163646,8258.39
Lenovo,3.4807516641208456,8,1000,15.815493438185616,3.610702005489635,20698.23
Asus,2.254590444244171,4,256,16.45724615404938,2.7602158397939354,12180.48
Dell,3.0786778659847545,8,1000,13.078248722137054,2.8718598285216,21015.85
Asus,3.687074971960789,32,256,13.75719519531062,2.7871572719765734,31119.87
Lenovo,2.9749749395145164,16,1000,13.535680977969555,4.368000158874085,23961.09
Dell,2.127278903265599,4,512,11.062193307024058,3.891166720697961,10645.37
Asus,1.5747188501361757,8,1000,12.923862511453944,4.518719062001882,21923.6
Asus,3.672899064838222,8,1000,13.845614080246188,4.926454591020363,27380.53
Lenovo,1.5428052416850668,8,256,13.526583904818603,3.4137204473294838,11853.66
Dell,3.728666566732498,32,256,15.342088912617385,2.2836607917535665,25178.77
Lenovo,2.914957489573982,32,1000,13.276223529613429,2.232261790852822,29607.83
Dell,3.8611326618392363,4,512,13.99236469418944,2.879775476892209,17599.01
Acer,3.4660690489643273,4,512,13.487483756646423,4.780337953027352,12035.28
HP,3.9902013107673047,32,256,15.566505976041507,3.494295498972466,28889.81
HP,2.3896967187920968,4,512,16.163623457490946,2.815146598878427,15457.81
HP,3.347484873118061,16,1000,14.215743012704342,3.295165546320358,24166.35
Lenovo,2.5148622600764488,16,256,15.663825079075686,3.789348555237616,15914.68
Acer,2.7127818046445644,32,1000,12.838558993168641,3.9952869385707164,22234.0
Dell,3.1085539239855415,4,256,14.211918331916545,2.391883663152752,11397.81
Asus,3.7208564845370384,8,256,13.123318025244242,4.909356283148847,14096.56
Dell,3.963543837806924,16,256,13.545797030949172,3.6574399462384988,17298.45
Asus,3.466122641858707,32,256,15.34267261978893,2.4123580732792407,30516.94
Dell,2.6054873049894973,4,512,16.200092564323157,4.722139126758929,12729.0
Acer,2.554231049350009,32,1000,11.851524339850155,2.193781699010353,26874.73
Asus,3.3565013663262615,8,1000,14.792451616201957,4.6357068720913555,24109.12
Lenovo,2.043923943827439,16,1000,14.510850750750441,5.04580148038306,23643.11
Dell,1.7326560849552541,32,256,11.749327397027333,4.054487933005967,16728.97
Dell,2.3614095046816557,32,512,12.171069972248796,4.3366718645970685,26134.1
Asus,2.204788929999693,32,1000,12.90302825934167,3.0344513527268795,31338.0
Lenovo,2.207886610397833,8,512,12.00951654779738,4.741542898450202,11730.84
Lenovo,2.082939515265457,32,256,12.410894439329699,3.641598169187104,20507.22
Acer,1.5928216990606663,8,1000,12.513081914383227,4.168836980066216,16395.24
Lenovo,1.576811693773723,8,512,13.062513842070937,4.775075878833187,11662.96
Lenovo,3.955062764975568,8,256,15.586559677462544,4.907630799728247,14280.17
Lenovo,2.500831295893191,16,512,14.445760464495027,4.580742644901668,17425.09
HP,2.464589153075267,16,1000,16.80272280436043,2.9762270313552928,24613.49
Acer,3.1986922660003345,32,1000,13.40382833643085,4.809025820467712,31145.37
Dell,2.0197732232205254,32,256,15.488620546275625,3.9972999498261252,24014.43
Asus,3.877752956380475,16,256,16.35398010755206,4.75801209243012,18038.21
Dell,3.4336045983920904,4,256,15.054130905260342,4.133436911292147,15230.21
Acer,1.733422704389349,16,512,13.43370292868112,2.9089064069361616,13088.02
Asus,2.6229396725702165,8,512,15.387689000500428,3.0930277371238515,17380.5
Acer,3.643627604718209,16,512,12.1694680434273,3.6390489446549297,19827.68
Lenovo,3.846342793118251,8,256,12.86667808276153,4.350005042430671,13727.91
Asus,2.6482086244812004,32,1000,14.199857144121909,3.080167480912166,32305.82
Lenovo,3.020530676522143,4,1000,14.46205237812959,3.735375338436544,18141.13
Dell,1.948182602618097,32,512,11.100755716386882,3.02176015910227,21416.42
Dell,3.9942063621220125,8,512,16.806644688749756,4.4511587517799684,17346.32
Asus,2.1046422485368015,8,1000,15.266003897120937,3.351817521457616,24086.0
Asus,3.857744300480422,8,1000,13.925511786366517,2.3100245072731687,25813.29
Acer,3.084453642882575,4,512,16.525417979110607,2.424603522659952,13298.48
Acer,2.9859014263593484,16,512,13.745184746358108,2.152613572505327,20195.84
Lenovo,2.804109068765269,32,1000,17.01541682078091,3.544741853535316,31361.76
Asus,2.0817994862467954,32,256,13.898168683977268,2.321129498583053,23742.18
Dell,1.979126302196136,16,512,11.693143229905612,2.3698806670538985,18134.43
Acer,2.060013385772842,32,1000,15.568655570123926,4.899802985949402,25014.84
Acer,1.9306052055606726,4,1000,15.125315961671838,4.66815529394479,15371.23
Dell,3.4333041294913884,32,1000,15.79333377776644,3.363133607691155,36579.13
Acer,2.3922575724073125,8,1000,16.66992761080786,5.061883095043207,19173.31
Lenovo,1.6659166662956497,16,256,15.494079934732996,1.9691427770721774,14671.27
Asus,3.9484098343166694,4,1000,14.714340229311821,3.8369228867705534,22964.82
Dell,3.678008989012408,16,512,16.25505053965338,3.847762515540472,24176.5
Asus,3.7833498030057244,4,256,15.015177853605605,3.3672080793088157,13076.49
Acer,3.981575481023665,8,1000,13.392311342544366,3.1373833859548204,21105.27
Acer,1.9779403285447221,16,256,16.278737833020426,3.286966915183798,14298.24
Dell,2.4697889976324063,32,512,12.399419194076735,3.265741386958001,24640.49
Lenovo,3.4092453459782575,4,1000,15.251490774149545,4.159803743169366,20437.67
HP,3.2537033793026495,16,512,16.31568155367197,2.501456744368916,22449.9
Dell,1.907562948339756,32,1000,15.390123351478973,2.589290545611629,31189.81
HP,3.5895160200949907,16,1000,15.177622145329323,2.5289802223026965,28857.23
HP,2.107958622334635,16,1000,15.571933150571194,2.8421287446839263,23455.61
Lenovo,2.0417058620413724,16,1000,13.752045097814728,3.595884888217136,22664.14
HP,2.7794991939942735,4,1000,16.210577168127575,2.3248503706253034,19708.75
HP,2.961993957043316,32,256,12.284427078816528,4.57247129859129,23452.24
Lenovo,2.952485688415945,8,1000,11.685364470068544,3.074969684125371,18962.73
HP,1.7178677351638174,4,1000,12.642635065445281,2.5057032505192107,17840.65
HP,3.752689124863795,4,256,14.088639237342473,4.08108540766395,12893.83
HP,2.164563515601259,4,256,14.131291645518154,2.063111625786283,10391.67
Dell,1.8433986596146963,8,256,15.915173588613019,3.8310064253013083,15034.77
Dell,3.7283866289618635,32,256,13.322322726737779,4.200212586444014,24924.13
Dell,3.878729750069659,32,256,13.974371242733778,2.714596141127939,25810.11
Lenovo,3.5975746928247454,32,256,11.03576272663034,2.148773325517567,27001.7
Acer,3.5214316576559503,16,1000,13.388701172350684,3.0718575321684973,25033.03
HP,3.235744370392178,16,1000,14.870991112991897,2.28408090212798,26849.12
HP,2.8398096745277135,16,512,11.211347872516985,2.315628012257205,19183.11
Lenovo,1.6630207084472988,8,1000,12.653694815397738,2.7049412278276614,17890.65
HP,2.5792247117538136,16,1000,12.293765264865586,2.9325959830933286,21656.47
Dell,2.453983781626865,8,256,11.310078975093605,3.616852584203865,13091.58
Acer,2.1550070558165193,32,256,13.911022403327737,4.071979597326154,19142.99
Asus,3.349430500092474,16,1000,12.19202549134288,3.7614679232124413,28544.55
HP,2.714744279408244,16,512,15.4019199574177,2.4578629606252083,19777.23
Dell,1.6994176969416803,4,256,16.004100515136063,2.4946559091091727,9146.93
Asus,2.0791126283815524,8,1000,14.188473763532887,4.599942346240229,21432.31
Acer,3.2714575401836017,32,1000,16.878686581902866,3.7584100669994496,31998.33
Asus,1.6552708192860521,4,512,13.62710769619633,4.615888863535105,13108.22
Dell,3.6664393188787336,4,512,14.092012534298718,3.14001225087395,14591.18
Asus,2.7493214893601654,32,256,16.94146559732449,3.884987722986847,25244.9
Lenovo,2.706358275339502,4,512,12.470776480045176,3.5776922924754833,12902.75
Asus,2.9807875849811514,8,1000,16.678567182720315,2.969402106662646,23555.84
HP,3.520163016192035,8,1000,11.223733182245763,3.3554148572531006,19692.28
HP,2.3984156897018734,16,512,13.711189277933782,3.462666879058967,18575.64
Lenovo,3.171572310787869,4,512,11.337605551206561,2.554922186513614,11093.82
Dell,2.8819391889144077,16,512,15.37235720243991,2.9753040379712212,18610.8
HP,2.194134444190563,4,512,14.676005713967754,4.377773784162031,12429.98
Acer,3.720248986642295,8,256,15.25015098865759,4.702563140174102,13201.7
HP,3.495935056525652,8,512,13.28008760740298,3.1083872227176585,17017.41
HP,3.178515895270413,8,256,13.165367922931258,2.94808966967476,15387.85
Dell,3.6692324201799784,4,1000,11.36407818599013,2.550843194150679,21064.79
Asus,3.7074822247342722,8,512,13.245443153129496,4.03408212872028,17675.74
HP,3.255059072585528,4,256,16.44751632198367,2.996656188752036,12694.12
Lenovo,3.6229564688475713,16,512,13.178111383406353,4.920330849591595,17951.27
Asus,3.2500278834984684,4,1000,15.99165287797377,3.0053657444366575,22759.64
Acer,3.2521291625113222,16,1000,16.033428950055377,3.197459320556063,23319.21
Dell,3.0428165954499455,4,1000,13.391159930737226,3.760042603361053,20426.03
Acer,3.3710974497730533,16,512,14.809514828251091,4.416042716323821,17972.87
Asus,1.8780988569273975,8,512,11.68363323393643,3.4268384253696964,15453.66
Asus,3.707855534824388,16,256,11.458141573489373,3.236668045059935,20537.94
Asus,3.6936105833908432,8,1000,11.357079540636867,4.959549318291114,22304.95
Acer,1.5876970760742162,8,512,14.42884921470999,1.9810599268732738,13963.42
Asus,3.5750170526212623,16,1000,13.49790246018701,4.662745918097543,28994.29
Acer,1.8423057790640072,4,1000,14.268325497872471,2.4468183772973546,15987.94
Asus,2.331120880570423,4,256,14.01247245187184,4.330549720692025,11978.88
Lenovo,3.3325951812612633,32,256,13.136640788570128,3.7795502846267,27526.55
Asus,1.873104900213361,4,256,15.080097686278181,2.991112455262445,12111.84
Acer,3.5741690931567596,32,256,15.572306665353326,4.6007602612224545,24042.45
HP,3.594445114210204,4,1000,11.158732035036689,2.0795636194245883,18855.78
Asus,2.7129942012735806,4,256,12.364636362308802,2.709810201963618,12501.28
HP,1.5488672820960823,8,256,15.250318324573016,3.742489442692358,13215.44
Lenovo,2.2740083873293617,32,256,13.357909086981925,3.0176758352991455,22429.24
Dell,3.0208397904165993,4,256,14.998342738316449,3.83821002490895,14876.72
Lenovo,3.9630502464568402,32,1000,13.111985118913665,1.9511782552759238,32757.36
Asus,3.0653300747327,8,256,13.3759387271351,2.370822811354187,15881.47
HP,2.1683581604245346,8,1000,12.079313509703294,2.4118336043503574,19590.34
HP,3.0500339910767718,32,512,12.512611968517817,2.550269679354982,30773.87
Acer,2.8478200795766746,8,1000,14.51041167278923,3.392765812987717,18012.14
HP,3.4790529117178233,16,1000,13.543148766401726,4.18063988486221,23764.59
Acer,1.8045229492463613,16,256,15.706397452350402,4.676563164266712,12810.76
Dell,3.4153646308226606,8,512,16.11737609032183,4.544390052774352,14435.89
Asus,2.8429950875939842,16,512,14.212470562060957,2.6162262792540294,20551.57
Acer,3.859701977117178,4,512,15.463483970863583,3.3028589311396583,13462.29
Dell,2.3319539237595373,32,512,12.859129968905863,2.6388029091458405,25300.74
HP,3.0674765306922267,4,1000,13.541387794422375,2.800330355841568,19982.61
HP,3.809138250275996,32,512,15.301135821708668,3.4854298963395505,33723.79
Dell,1.7580609090261063,8,1000,13.297005530409788,2.195185708640403,21945.98
HP,3.8328145860059895,4,1000,14.542760913697728,2.631752104214243,19737.05
Dell,3.2248779469220965,8,1000,12.12350411181966,4.746945686380426,19617.85
Acer,1.7056714667943595,8,512,14.6138036443204,3.461183168270572,13751.92
Acer,2.2402150507301597,32,256,16.074337847279832,3.3077583562689874,19343.72
Dell,3.2289442122955774,32,256,16.227623946989745,2.0020834285389912,29960.48
Acer,1.647325275728183,32,512,15.310818720499945,2.6657318251493693,23357.33
Acer,2.972933804539881,4,256,15.557769762937538,4.467078914567088,10302.79
Acer,2.385045955930972,16,256,14.358198162244225,2.5289601281819554,13169.12
Lenovo,3.0644713503291796,32,1000,14.57484687874078,3.285055252955974,34043.83
Asus,1.6533772037079226,32,1000,11.777760977499128,2.1026446468307394,28578.19
HP,3.6732511232846314,4,512,13.641898023518893,3.4275544792031583,16431.93
Lenovo,3.995287407383772,32,512,13.82419780301869,2.0469636938139715,26908.37
Acer,3.9467402522974058,4,256,16.785893829079683,4.433442503532242,11226.69
Dell,3.2984249552510754,8,1000,13.529360013147278,4.4537334209694,22098.93
Acer,1.8792353592254871,32,512,14.36781382450618,4.419216082444119,21279.44
Asus,3.3726483915184846,32,512,14.156844017000386,2.8487664442369067,29271.03
Acer,1.5304442554632958,8,512,14.838626153290885,4.530615194465525,13353.78
Dell,1.57102201211748,8,512,15.63633095846013,3.606894056217788,13534.19
Asus,2.2568801337037567,8,512,12.235748666014187,3.187466721912043,15826.33
Acer,2.700743899072016,32,512,14.158283960849294,3.7807529351409612,24835.68
Asus,3.472731500738209,16,256,15.988167975168347,1.9759969294452198,20791.73
HP,3.2249249688861887,16,1000,13.839864149798242,2.4478681590139844,26707.44
HP,2.639123959370047,16,1000,12.571446565652565,4.314411152072335,21220.54
Acer,2.1643593476892407,32,512,14.805391230651795,2.72122981616052,20855.03
Asus,3.9466601504252345,8,1000,16.02986432295397,3.7519088116998818,27482.63
Dell,2.5866577784693443,32,1000,11.321208569020042,3.2053409437270064,30756.33
Acer,2.656375245511447,8,1000,15.599760299803577,4.58060225849853,17606.17
HP,1.9356093545616062,32,512,16.0539075715924,4.921756608589643,25468.72
HP,3.49329594877836,32,512,13.774713750710186,4.586176630873354,28280.16
Acer,3.205193517149559,8,1000,16.90593299912533,2.872443408381336,22090.13
Asus,2.125057119613693,16,1000,15.705866088631733,2.5050657342998335,26133.67
HP,1.7203462373291318,8,512,15.544056824034543,3.4088960735544616,17328.93
Asus,3.1960316559391075,4,256,15.54108720242398,2.0426415901497372,16078.24
HP,3.1311945585783367,4,1000,11.936404661063694,2.0867288474995,18587.95
HP,2.1876367418377303,8,256,12.316880624745218,3.7129015356681183,12559.59
Lenovo,3.909247153490765,32,1000,13.774634945644449,3.470015211645397,35167.35
HP,1.8833335731514143,4,256,12.560640527809733,4.990796341090731,10677.46
Dell,2.60659239720993,4,256,13.564444505168035,2.6655076077304716,10654.42
Acer,3.863581731055793,32,256,16.319481214481037,2.7772764988350103,28479.77
Acer,2.5459476755711945,32,512,15.940836468192904,2.283504942990525,26851.37
Asus,3.1155523809600654,16,256,14.822630723270594,4.803004398702567,15566.84
HP,2.5120845759171995,32,256,16.165359239961052,4.301018219868168,20800.54
Dell,2.1804489822988202,8,256,15.834016418706732,4.4258011837673985,10353.52
Asus,3.9374679111681417,8,1000,13.433000248847481,4.660784576249351,23774.24
Lenovo,2.5335868832298205,16,256,12.230383507369051,3.5647657045300667,15690.86
Asus,3.737598469266714,4,1000,14.028757777618264,3.3627325853708148,25014.71
Asus,2.058240363344593,4,256,15.342006372390905,2.9277194182616952,12391.37
HP,2.007489745586604,32,256,13.581952455894008,3.7144615492070696,23013.95
Lenovo,1.5901494825281122,8,512,15.005005811381926,3.328111046576357,12003.55
Asus,3.1456699151505436,4,1000,11.573890083820137,3.3069473274223933,18133.27
Dell,2.410514895869757,16,256,15.366643920974141,4.812621502520888,16115.99
Dell,3.643497513521705,16,1000,15.832995012984147,4.970155622657434,27699.45
Acer,2.658117111057777,8,1000,15.263524858801365,4.400646858502073,18698.99
Lenovo,3.9319512179611515,16,512,16.7334270890955,4.281540865178175,18032.53
Lenovo,1.939694477048581,16,512,15.870729632386523,4.1252240711017345,17037.74
Acer,3.7387919569596493,8,512,16.238071782659794,2.5194087369818985,14921.32
Asus,3.4291836889002245,32,512,16.54837102487586,2.216515675021426,32351.09
Lenovo,3.354548183273952,32,512,15.716117615326786,4.051448157850941,28724.7
Dell,3.611052920293345,16,512,14.96683842139019,4.233558973902802,20152.7
Dell,3.400368972962933,32,512,11.012565863902363,2.1178013471047534,26848.47
HP,3.098902361104264,32,512,13.746968209215316,4.804727667065974,24705.7
Lenovo,1.8367559813078003,16,256,14.333674760225422,2.2048535749249134,14640.25
Asus,1.5563003932249357,32,1000,12.654914309469339,2.8660133079130135,30721.73
Acer,3.793527863334314,16,512,12.932811585832644,3.9684004266376465,17957.69
Acer,3.051448379451375,4,512,16.82718267136567,2.5564195659376243,14739.43
Asus,3.4264017999311287,8,1000,16.318525592896926,2.2100414884266724,24437.12
HP,2.7439645308130887,8,256,16.073811977293882,2.970108098114495,12803.74
Acer,1.7683353758318463,32,1000,13.436295651491553,4.400393470996764,24832.77
Lenovo,1.8554757951348047,32,1000,11.208493988582468,3.2267421221461072,23341.0
HP,3.225687172306226,32,512,11.355916855228221,3.8783178206901914,25178.39
Lenovo,2.594652561340476,8,1000,12.840019031235814,3.6999013931662756,17211.82
Dell,2.0357945198308802,4,1000,10.956699640843444,2.014448394958848,20992.64
HP,2.746180328434367,4,512,11.131884168190034,4.984600066226433,11920.48
Acer,1.6807089291773587,8,512,16.488103138351423,2.062516115124541,13105.2
HP,2.9499960115721553,4,512,15.25319038174921,4.876447512155143,14383.69
HP,2.183648571531907,8,512,12.865985745416202,3.665320143620032,14219.38
HP,3.476272817143818,4,1000,11.875124125902001,4.89640937593079,17830.69
HP,2.2656025643212954,16,1000,14.11286494453594,2.3436286076244173,20246.14
Lenovo,2.6969912241435705,16,256,11.098517601738996,3.4775255835087435,15230.65
Dell,1.504805542218739,8,256,16.54523968795711,2.4899872707227932,11969.02
Asus,1.6857467332854856,4,1000,13.584344385531695,2.072737028284011,19767.69
HP,2.4846379621181764,32,256,13.356220712264875,3.8327454341497025,21622.17
Acer,2.6905244526393846,4,1000,13.290372082080772,2.6467877521008387,13909.24
HP,3.0154833983953724,16,256,11.437637388514828,3.7562443054321677,13587.52
Acer,2.2468481095554997,16,512,14.854086899794902,2.356667864503482,19478.58
Lenovo,3.2096801398219292,4,256,15.312273173591523,2.966620262822634,14051.99
Acer,3.6533466943194077,4,512,15.042890042187828,4.394614478153637,13399.5
Asus,3.4171564520702034,32,512,11.949671785325922,3.1833386721529964,30029.81
Dell,1.6227035219204118,32,512,14.35557408329083,3.890308270338177,22902.85
Acer,2.7065619874554505,4,512,14.535724444314543,4.009817839592702,20372.78
Acer,1.7647953426469498,4,256,16.191128851534973,4.606150057763954,10849.28
Dell,2.1248834801224907,4,1000,13.087745563579073,2.9631770747578,19083.13
Asus,3.9583911744538143,4,512,13.119577123277974,3.9955767799654085,14884.35
HP,1.8836595160303293,8,256,14.634084149290295,4.953171063255665,9647.65
Acer,2.718767037445706,4,512,14.748521576934461,4.188136744733326,13089.63
Dell,3.0877456313621328,32,256,13.807334303264716,3.461662953189739,23499.47
Lenovo,3.2396350908836147,16,256,13.4420777636016,3.8475096014319017,14949.52
Dell,2.848236336686418,8,256,13.979830375225507,4.156554319246411,12657.19
Lenovo,1.5145710712940772,4,1000,16.08186455635388,3.8650204555278354,15547.4
Asus,2.302894224692354,16,256,13.878243213251546,2.0835210132074504,19426.66
HP,2.7841968888772772,8,256,16.617976614159417,2.594397693151649,15244.8
Dell,1.7266156883266028,16,1000,14.099450275316574,4.393202362566706,22555.4
Acer,2.4095025988496004,4,1000,16.784032077478493,2.7647020006819965,17393.5
Asus,1.5772565945615022,4,256,16.08365327069175,4.123073925922407,11403.88
Dell,1.6756977157929844,32,1000,13.129275396257977,3.0883333869211973,26404.6
Acer,2.458511786135476,4,512,16.13551251516199,3.5153603062363814,14953.76
Dell,1.8177439013683794,4,512,11.642381841263626,2.118454414693659,13555.52
Lenovo,2.8622173754763844,8,1000,16.601182042088404,2.576243933766781,19375.72
Dell,3.2019084300376734,32,1000,14.749005468917018,4.805637697483456,33070.75
Dell,3.5387883646485725,8,256,11.316803493246649,4.71961029441228,11586.4
Dell,1.9756748344746722,16,1000,14.887427847212024,3.9765289182028245,21405.61
Asus,1.9375679314716836,4,256,16.773094570784707,3.3936508515381316,13240.38
Dell,1.724625138141746,16,512,11.341355264621445,4.110549330988677,18575.17
Acer,3.144208500838408,8,1000,14.3154651481682,3.791540735578591,17187.58
Lenovo,3.3213175182091943,4,256,15.484700403752367,3.7493453666162755,12541.3
Lenovo,1.5966960087609015,4,256,15.89626235859732,2.1626490869395534,9906.37
Dell,3.90026819365853,8,512,13.5367157179209,4.026961339815998,19581.88
Asus,1.640601998376511,8,1000,12.13707432936373,4.287720412156545,19513.27
Asus,2.876296351677163,8,512,11.18908687807882,4.955129547130445,14242.64
Acer,3.310509314929237,8,256,14.4006967595783,2.0545124465257922,13810.98
Dell,3.6828143629581676,8,256,13.830462213732979,4.180074933321598,13317.78
Lenovo,3.238646006483517,4,1000,16.682844723682063,3.6774447996929482,19513.77
Asus,3.527989108331512,8,256,11.36491978990906,3.253642689046078,13736.01
Dell,2.334469693524011,4,1000,15.116994009797114,2.4556207481334824,20069.65
Asus,3.5251368897376167,4,512,11.092543731622932,3.169082364309629,13697.23
Asus,1.7092239634560487,8,1000,12.15374662177894,3.074285926977431,20000.19
Lenovo,3.7540300665428403,8,1000,13.754356131922503,2.9612988739175314,22367.53
HP,2.873484979404527,32,256,13.732401899199445,4.247863619238754,24265.64
Acer,3.5623163109909535,4,256,15.025782743909819,4.072093943743719,10360.76
Acer,2.6095899972739445,8,1000,16.36832360987404,3.756751032911447,19247.59
Lenovo,3.1076631241496138,8,256,14.809480350961062,4.795984764829398,13907.27
Asus,2.841479215853809,8,256,16.665211243623308,2.9728122144092697,12829.04
Dell,3.382157539681431,32,256,16.204298291624262,2.7582816822815444,27630.18
Asus,1.7678680227456702,32,1000,14.477322131619015,3.9696351215769394,28457.55
Lenovo,1.6638695104582415,16,256,15.985437463250893,2.6684714368423026,15273.5
Acer,2.1429583798277343,4,1000,14.866808495578624,2.9038712666852025,15836.07
Asus,1.9583090752274266,16,256,11.431033427832423,2.7282421481555392,12334.55
Acer,3.659333835378499,8,512,15.362780283984257,2.265422410669714,14456.55
Dell,2.0669259639764883,32,256,11.491616976724776,4.4848498092474145,19673.18
Acer,3.962713428032412,32,256,14.661534501756371,2.6550785502233007,27627.41
Acer,2.3856753225100693,16,1000,15.115700620240432,3.3934541271568475,20326.1
HP,1.9211805478056618,32,1000,11.428220233128433,2.219239375978142,28435.32
HP,3.4460640943421823,8,256,12.426331629941142,4.112871187332525,11061.62
HP,3.1474109050853314,32,512,16.48433135550305,3.026352992212467,28071.05
Acer,2.7568211210024973,16,256,14.839313278069794,4.229751854405881,14085.24
Lenovo,2.9220947959560926,8,256,12.517853632305405,3.226037035910442,11525.65
Acer,3.3135307589550282,16,512,15.291510870752413,2.493899590781899,19873.23
Lenovo,2.066594456424938,32,1000,14.528573399616947,3.579262207698873,26224.52
Lenovo,4.003328633484539,16,256,13.958738566716217,2.4454977391484385,18500.85
HP,3.946014239655191,16,1000,16.899324822622905,3.27407436534565,29068.33
Asus,3.178164708766976,4,1000,15.079805413459514,2.9429736761860448,21591.14
Dell,2.0038258956299186,32,512,13.387499891998837,4.720191688731186,24482.07
HP,3.1890781036716516,32,512,15.827776623151681,2.2037938298614743,30303.85
HP,1.6939842933500944,16,1000,16.223933819938587,4.054834063241771,22994.97
Asus,1.5825858150946712,4,256,11.612378044417467,2.5948205441214585,11854.39
Dell,2.097077420607794,32,1000,12.19705877968414,2.960701438802944,24581.41
Acer,2.656087829999626,8,256,12.290232204404019,3.119071036406963,10547.21
Acer,3.6676591161587715,16,256,15.172372130183913,4.746181281884555,18311.84
HP,3.301606518442391,32,512,14.715092576220172,2.7775523476010147,28148.16
Dell,3.387833801628642,8,256,14.800278452511044,2.2163233246207636,15537.61
HP,2.5401629482218286,32,256,16.59832771555009,2.9765051587202995,22532.13
Lenovo,2.378506039953144,8,1000,15.551963644699482,2.4055258950943106,20294.36
HP,2.423161197466195,16,512,11.668891856269974,2.3913927766405694,17558.43
HP,3.9723547595095483,32,256,13.026098358125376,3.7786332371415545,29198.93
Acer,1.6126265672625821,32,256,13.583023353211296,2.1605980507866542,19046.54
Acer,3.6283515087893914,4,512,13.400174503602841,2.0918944297578403,14411.48
Acer,2.9524383481830276,16,1000,14.951774247219598,4.1330112400151755,22046.09
Lenovo,2.665206972665372,8,512,16.37378997722844,3.065585263205756,15020.0
Acer,3.2664412506614795,32,512,12.865271992805452,2.3687399454474662,25919.93
Dell,2.714944114650292,32,256,14.322730329134785,2.679304223532909,24731.11
Asus,3.717255274948866,8,256,15.646166691720497,3.909715515338032,15124.84
Dell,3.7608032374667535,16,1000,13.534734491090973,2.8935000241938926,27812.25
Dell,2.5749413257471194,4,256,12.175210340697111,3.4353788725186325,12972.81
Acer,2.1207995127548505,4,256,13.869377537735522,2.3117792566063513,11352.41
Asus,2.9988233027223035,32,512,11.095089116406072,3.7673415313860787,26249.61
Asus,3.75805771785472,8,256,16.75357108977741,2.9537922086976542,17905.49
Asus,2.035951791051661,32,1000,11.392707409033887,3.8997785395388482,28661.29
Lenovo,3.0565334169814222,8,512,13.811997306743123,4.4194977182528365,12423.34
Acer,3.14725054110615,4,1000,14.188596642640434,3.8385324663928935,15949.02
Asus,3.349183415751179,16,512,16.777046938204847,2.8696984491036117,19731.66
Lenovo,1.8255404979402656,8,256,11.830955142660464,2.703441296879903,10229.31
HP,3.2442716289276143,4,512,11.809768372688222,2.9786932827848114,13608.38
HP,3.776215708719599,32,512,11.140709281248641,2.5300913895316377,29031.91
Lenovo,1.9739046385260095,8,256,12.11151013207715,2.569268283867677,11236.45
Lenovo,2.0914417555551172,16,256,12.244511833251888,4.28486119935354,13262.95
Acer,3.9133180443059756,32,1000,14.778963258828178,3.166793997687789,35208.14
Acer,1.9352647818583348,32,1000,12.28762323897572,3.263347065418899,21622.31
HP,3.6520169764876074,4,256,11.070461669075213,3.851756596961503,10834.15
Asus,2.753476279299362,8,256,15.928315708658307,3.785273974601062,15520.24
HP,2.158913989467576,32,256,13.210971272609722,2.2469448125723077,18964.11
Asus,3.6470247563849676,16,512,13.054668056531437,4.49568076623374,23636.44
Asus,2.6290424642591925,8,512,12.681331027257642,2.5286769097269444,17404.18
Acer,2.7833922661916892,16,512,16.865029793599657,4.244007154031669,17795.93
Dell,2.3953163973604155,32,256,11.951396855960214,4.366651684215751,22221.43
Dell,2.994431904208338,16,1000,16.130273365724207,4.150591534886319,29976.08
Lenovo,1.9210393690713052,4,256,15.705025384091888,3.7269496183555653,10650.44
Acer,2.493566884803149,16,512,11.370235009946517,1.958468255050105,16930.4
Asus,3.8918066700723446,8,512,16.973317765380354,3.097354853833219,21722.59
Dell,2.122839239537825,16,256,12.679223629755342,3.8082130896217583,13790.08
Asus,3.1864177096187607,16,256,11.6141847630563,3.19005169012173,18396.92
Dell,2.3063579865373116,4,512,16.175630831983078,4.633330626815178,13215.49
Dell,3.442863246157038,16,512,15.22900905406841,2.9880528808012086,21909.17
Dell,1.85882414115717,16,512,14.680461669867517,2.897454022920701,17542.99
Acer,3.9384559048671863,32,256,11.990578975906953,2.7456750560215637,26694.85
HP,2.650869532388259,32,512,13.866540908566666,2.8908769293364793,26339.08
Asus,2.1169634887434725,8,512,15.776175644314803,3.630979899924722,18156.09
Acer,1.6202419554981216,32,1000,12.720239156256998,4.187720307793025,23509.78
Acer,1.909696258064036,32,256,12.7699650152931,4.078878326681327,18491.67
Acer,2.813493045285032,32,1000,11.080110195594829,4.4112584223559805,25465.94
Acer,2.384137270289946,32,1000,11.952275534725189,4.584694023778157,25407.23
Acer,3.5741912814961974,4,512,16.301161639246423,4.415816448279911,14291.39
Lenovo,2.551877315301832,32,256,13.680079177523071,2.113726501257957,24002.75
Asus,2.09724309998076,4,512,16.84984793252439,4.178203201979611,14017.7
Acer,3.069378302613668,4,256,13.403621394261432,2.6546549182383705,11969.61
Asus,3.2604098347418575,32,1000,15.19235133301871,2.4072120431888497,39086.59
Lenovo,1.9173887683786643,16,256,12.611522263327279,3.950966517349259,14069.33
Lenovo,1.937498946533964,4,512,13.163882827772635,3.050130136170437,14613.77
Asus,1.50463285685305,16,512,12.150670151071145,2.200840563888047,16602.83
Dell,3.401016063009344,16,512,13.058083128037342,2.4202350170269806,19110.28
HP,3.137579104002981,32,256,14.31807439963371,2.0992069289003297,22443.78
Dell,2.6938352804587415,8,1000,16.981714599079357,4.727148487115374,24204.1
Dell,3.559285212018105,32,1000,15.107559623098565,2.0342065766571356,37301.35
Dell,3.501499149062982,8,256,12.187852898678283,2.6627405730170075,13927.9
Acer,3.000726552382833,8,512,11.365333724044037,3.2711611191703707,11341.45
Lenovo,3.61319318589317,32,1000,11.831796928918575,3.0543188607389276,30020.41
Dell,2.048389027707595,32,512,14.558849390301736,4.709298328115015,27659.15
Lenovo,1.7715881656073482,8,256,15.580781331308414,2.105953862837881,12398.06
Asus,2.1889889619990797,32,512,16.608886546088243,3.510049655156067,26239.15
HP,1.6624428726278404,8,1000,11.195554569760423,4.028150396637477,18297.64
Asus,2.8411664649873076,16,1000,14.167395455110519,4.7529540909314125,27286.0
Asus,3.815565711188479,32,512,13.927736874681772,3.880421490779154,31557.3
Acer,1.5874223772752232,16,256,14.993674035693383,4.4268257737332295,12134.32
HP,1.7614280997075424,4,512,14.18893215948009,2.2684349023975185,14170.39
Asus,2.6452514606562305,16,256,15.152340645657379,3.1547000658389495,20452.13
Asus,3.885749198440239,16,512,14.973392780331261,3.1129582406359493,25551.03
HP,2.2356570358415824,8,1000,11.712718901344791,4.730964939249829,20802.45
HP,2.74523764453684,16,256,15.787728037382445,2.457483808131715,16764.78
Asus,1.5984788893494923,32,256,11.612023972074402,2.5188468593126645,21978.99
HP,1.876058245116629,8,256,15.261117904633888,2.93585365049908,12234.65
Asus,3.9929505964401497,4,1000,13.52677368009112,2.1928570338105815,23107.71
Asus,3.908230741679384,32,512,14.171260943251383,2.51063897012447,34125.99
Acer,1.5028711905426544,4,1000,16.296687644312243,4.867821319222538,13404.69
Dell,3.91262338474019,16,256,16.37987311800454,3.263956527605141,22162.44
Asus,3.11765971155065,32,512,15.88836508692645,3.87232767683712,28839.06
Lenovo,3.6859650755710884,32,1000,14.072393323531983,4.154853545209819,32150.2
Dell,2.6402251104322914,4,256,15.399586090068528,3.1617479755161297,11076.73
Dell,2.8184846377757213,32,256,14.120870967311268,2.4439517818874332,21597.85
Dell,2.702427168905393,32,1000,16.20460664516934,2.630995818125823,34499.23
Acer,3.1433798153996784,32,1000,13.332501805392944,2.9169414315642594,30632.89
Asus,1.8715111664968616,16,1000,16.828326099992154,3.9510522262425822,22959.37
Acer,1.5261828956042875,4,256,16.576802586402426,3.2125944611791093,8503.57
Asus,2.2725902392670716,32,1000,15.442944227020403,2.004997661482897,32141.41
Acer,3.2522051562737415,8,256,12.42147038697322,3.491007360571084,14370.56
Acer,1.9624609883877822,8,1000,11.844532419445047,4.775354998642348,15737.48
Lenovo,3.1556430559208053,8,256,16.10304761117144,4.46501680915281,11631.39
Acer,3.9215108324993158,8,256,11.883961430906306,4.426691721862726,12170.14
HP,1.7657706871685166,16,512,16.199369815331867,4.370404321883435,16745.45
Lenovo,3.1619165558250817,32,1000,13.995499298494398,2.9980505019043187,26437.88
Acer,2.6457769902585775,4,1000,13.413155087146635,4.217035098407088,16334.32
Dell,3.6722510127704586,32,256,16.326971122644974,2.397041464263084,27546.02
HP,1.982186014683564,16,256,14.637348354016018,3.991993888909181,15710.62
HP,3.2134301323020105,8,256,14.469532529545315,3.9799566219975637,16095.35
HP,3.593823936477115,16,512,14.426542410385727,2.1859983878827625,23338.55
Lenovo,3.872590056785168,32,512,13.191518254928347,4.461843139191149,28107.67
Acer,3.2027347568418687,4,256,15.809452391963964,4.716932789401191,9816.41
Acer,2.771527634435426,16,1000,12.473570423827773,2.7780344913422255,25815.67
Dell,2.9783911887443266,4,1000,16.525703217484256,4.483328285946998,20701.11
Dell,3.7449346273604935,16,512,16.27332860984358,2.2200382693996614,22732.56
HP,2.952257604806929,4,512,13.01988903091854,3.7617988105359155,13668.4
Dell,1.5707616943710416,4,256,15.37154145826528,3.4416772933845765,11092.7
Lenovo,3.8108020885601244,8,1000,14.465568057957611,3.6162369349181445,21073.8
Acer,3.1978242592354467,4,256,13.018665889505932,4.799247136806329,9533.08
HP,3.2106519286682085,8,512,17.009315369257827,4.583825660633843,15795.89
Dell,2.0690373310580634,32,1000,11.130536547212579,4.359507074584162,27525.28
Lenovo,3.142337891737746,32,1000,12.356174082538006,2.9008430456053786,29959.4
Lenovo,2.517870726524751,8,512,14.110756631589638,4.741562921761977,13454.23
Dell,3.1008646412008964,8,256,13.971175725850063,2.3683601917977146,14694.86
Acer,1.733968250270372,16,256,14.5553097281532,4.620090479729662,13020.84
Dell,3.1990134976649567,16,1000,15.59463247205631,3.014082228895855,29324.83
HP,4.016267572832822,16,512,14.661969024213178,2.143609295489024,18215.69
Dell,1.66243554320579,32,1000,14.715173298079574,4.0600963515897,29881.83
Lenovo,3.9173172693016625,16,512,11.388513277056536,2.6813410390159627,22482.32
Dell,2.4895641400541138,4,256,13.355700139168993,2.730612894842548,9153.15
Acer,3.6661253462594217,4,512,12.407499546721706,2.934651432394594,12754.96
Asus,3.4312419448995137,16,256,12.512799455551706,2.190785928887876,18313.1
Dell,2.9387016087735227,4,512,14.3884900802672,2.4953680466742356,13478.2
Acer,3.3235892414205237,32,1000,12.147063817036184,1.9390639370075375,29320.54
Acer,3.6611388075113513,4,256,12.773125366589651,3.3841852098336345,9744.36
Lenovo,2.514611266495239,32,1000,12.40880017167975,2.281283238594232,32182.06
Acer,2.27888331863334,8,1000,16.78099332785292,3.96192726550778,19908.12
Acer,3.1149995459647,8,256,16.72642055350044,2.669529186098102,15368.88
Acer,3.5236125718689846,8,256,14.65320408771132,4.839675703569202,13941.29
Acer,3.353236235651233,8,1000,16.391006236908186,4.6358834998739855,18138.46
HP,3.5177925040354485,4,1000,15.664057675487904,2.79240000195627,19720.97
HP,2.5470982752447484,16,1000,14.596025079969605,4.345184430642915,24548.72
Lenovo,3.4773653268449616,4,1000,11.061020089864503,4.436717443757117,15171.95
Dell,1.7917087389222974,32,256,15.514839961723396,4.942113752248267,21302.84
Acer,2.8655605800010187,4,256,15.070403011733303,3.806311442958775,10716.2
Dell,1.5291409031557621,4,1000,14.70716265170708,2.221519609828763,18772.41
Dell,2.316625045721151,32,512,15.477981296677568,3.9859715043641195,26563.89
Lenovo,2.3843744585449627,8,512,14.000669271781588,3.834974959434792,15144.47
Acer,2.5118235644509364,8,256,15.27830824623065,3.8579478203065762,11747.99
Acer,3.267472171919048,8,1000,16.707211622792215,2.9228832875157122,22007.52
Asus,2.4352223893221985,16,1000,13.194773932913613,4.507362456626574,23542.07
Dell,2.6163038723965384,32,256,15.245150184794777,4.773160989463096,24203.51
Dell,2.085627126372548,32,512,13.848187174787002,2.7073243038371553,25527.42
HP,2.439740926556991,4,512,15.03326158250817,2.2152452503318925,14131.17
Asus,2.0620263544046553,16,512,15.580607891418687,2.5169225203762617,20513.87
HP,1.6809534762589198,8,256,11.333234916841988,4.421068478919676,8302.14
HP,3.0278759493606957,16,512,14.825688715953605,3.987101372889003,21195.91
HP,3.137116403399507,32,256,12.238424903680384,3.901036453959203,23624.02
Lenovo,3.0708470590818613,32,256,15.1553960215337,3.150705068643975,23600.59
Lenovo,2.6929690914473685,4,1000,13.897134869562084,3.7583932216471148,19313.41
HP,2.49848850025274,4,512,15.55302542148937,2.9559340823809883,13525.8
Asus,3.594033104205442,32,256,11.751255451935656,3.3678506657231075,23944.09
Dell,2.7922174131270885,8,512,14.838790283104062,4.3482842539645485,14258.25
Asus,2.6390016768437197,8,512,12.730747889127395,4.917571930364457,16877.57
Acer,1.4910532538229047,16,1000,16.154853036777894,4.789216402701088,17676.92
Lenovo,2.357442360493615,32,512,16.556682882490506,4.855732004387931,27002.61
Dell,2.438514493179132,32,1000,17.11657407607929,3.2636868752914676,27600.86
Dell,2.5060524807953732,8,256,15.793713124360456,3.531313010828662,15821.47
Acer,2.9650147537709506,8,512,15.481207681822374,4.003437492649236,15306.3
Acer,2.871443245560434,32,256,12.362690611512955,4.720360997996271,21426.85
HP,3.0213803447427856,4,512,13.023727045296765,2.516683237110003,13614.59
Lenovo,3.499908822374893,32,256,13.822079068753967,2.822690575592746,26127.3
Lenovo,3.5416566424397904,32,512,15.656538222820798,2.5073037869908643,28946.47
Asus,3.3505820619032525,8,512,16.529537236369162,3.843393153535528,20058.57
HP,3.8188241058716095,8,512,12.056558099865972,2.92810962931374,16702.16
HP,1.586073642577423,4,512,16.41811639704702,2.914333658231747,13593.31
HP,1.984022149514998,4,512,15.288478531983035,2.190189717463723,13606.43
HP,1.460456769662537,16,512,14.684591149053364,3.1367570034082712,16713.48
Lenovo,3.131303138663351,32,512,12.260715409884323,4.585105365442694,25953.19
Lenovo,3.7359877062354383,8,512,11.192369459240693,2.6769934842619945,13076.78
HP,2.1261073388941925,4,512,14.4961240397448,4.105848358449158,11620.27
Asus,3.8479186557172995,16,256,14.867375248344894,3.8792741548006453,20979.39
Dell,1.6059939722210541,16,1000,12.200191242783404,4.607711382597668,21757.94
Dell,3.86653763648744,8,512,14.33366738154218,2.3543767763451187,18066.01
Asus,2.379251102625708,8,1000,16.060721999732042,4.928912248604725,22793.05
HP,1.7941373063638395,16,512,16.01025713687207,3.715832124849061,17880.35
Lenovo,2.708524951095878,4,512,16.553224015756623,4.896224125005709,12763.34
Dell,2.1278291525253272,16,256,13.280146529759993,4.758642066959936,13817.18
Acer,2.2129938761254753,32,256,13.02936499547667,2.6028631742615396,20774.7
Acer,2.271280733507112,32,1000,15.61507729931218,2.160248983204734,26473.68
Asus,3.4876812005369064,8,256,13.405513232230337,2.81322069367748,15792.87
HP,2.833014049759478,4,256,11.45047863777922,3.5078002741712386,8299.98
Dell,2.2414629818545952,4,1000,12.514815842917208,2.54502330604305,20874.43
HP,3.01279510558359,32,256,13.416010331234133,2.4873885607055324,27908.52
Dell,3.310665987357911,16,512,12.703137095985205,3.339454471269106,20777.54
Asus,2.1774393766166504,8,1000,13.026078354902083,2.2009500779523785,24137.5
Asus,2.5641447126947985,16,1000,12.721060778286942,2.3656364328090698,29033.89
Acer,1.7991523493127766,16,512,11.209629397422585,3.2191793737450056,15764.14
HP,1.9099278339050014,16,256,14.837109379602637,2.150379081505579,13135.19
Acer,3.2207128815391544,4,1000,14.447009750504192,3.2343232927884227,16043.5
HP,1.9333871750080656,32,1000,14.853213538634975,3.3914159865221647,27337.56
Acer,2.805907440504744,4,512,12.113574846136373,3.3916257471463944,12087.36
Lenovo,3.3097428157306052,32,512,12.757735090584404,4.6074005806531035,27179.94
Lenovo,1.7323661939452142,8,256,14.723851880887574,3.6459967683768895,10613.58
Lenovo,2.9232228626961905,8,1000,14.717817393938171,3.351814415059986,20553.25
Lenovo,2.1401914087523353,16,256,14.110648749012096,3.1869745742201983,13962.31
Dell,3.9283449595570628,32,256,13.040934698101829,4.438819869211955,25952.54
Lenovo,2.734518717764273,32,512,16.45667970389202,4.67526648712326,22985.46
Asus,3.5228965445653624,32,1000,13.012266322825695,4.541999556156503,33442.69
Asus,2.8647551159932423,16,1000,13.692582737301851,4.152211754665499,24289.42
Dell,1.6227325072578267,16,1000,15.090484251790924,2.5152475881236183,21797.51
Lenovo,3.122948115899393,8,512,14.109346220962912,2.8455626622170893,17371.94
Lenovo,3.8776896573274504,4,512,13.15177300922683,2.1590377947484556,13402.75
Lenovo,2.9960118669331375,32,512,13.749352805996287,4.780650615966364,23881.21
Acer,3.5596172562970154,32,512,15.74529766386729,3.9299043123968245,28783.17
HP,3.7116779689821082,4,512,12.64562577891025,4.229985040911962,14309.45
Acer,2.030068147154797,32,1000,11.866094978437587,2.9732711063197894,24233.01
HP,2.0372920237824914,16,256,12.96053008913548,4.602241904910428,14967.53
Lenovo,2.987049599864567,16,1000,16.071261795582025,2.8285952721515715,23632.97
Lenovo,2.5388055939090153,32,256,11.60865390242622,1.9294425566796385,21652.9
Acer,3.5757389754346036,16,512,16.989256014030968,3.1147835036543965,24324.49
Acer,3.7511640526206182,16,256,14.434946309086351,3.6388410646339207,17640.88
HP,2.395271265442773,32,1000,16.88278150258958,3.4945567517667033,32567.03
Asus,2.165793497814512,8,1000,16.4758984966982,4.565609207989775,21383.2
HP,3.4735962869632626,4,256,13.602247155610659,2.313860352086949,12396.57
Acer,2.22795905316261,16,512,12.191900706624107,3.685472835301427,18165.39
Acer,3.6126882308450137,8,512,12.071539226912492,3.677245045453317,13787.62
Dell,2.5740233116318905,16,1000,12.387735451986087,2.8575926935059655,27355.71
Acer,3.1774454422366922,16,256,15.242321247397198,4.4547707858407195,17593.86
Dell,1.706836651321884,4,512,12.692487387375454,4.196493861586436,11910.15
Asus,3.056149413719421,16,512,12.971333009555513,4.271509534420648,21643.38
HP,2.607726564953997,4,1000,13.643771272032103,4.619495611593814,19809.04
HP,2.9544893924349536,4,512,16.385977947519915,4.251210925110949,15397.32
Dell,1.9761554206479324,4,256,12.230618754739682,2.7508045307916156,8539.22
HP,3.345623007636455,8,1000,11.153493140602528,4.09354032981865,18613.45
Acer,3.630715706526588,32,1000,11.234225263109577,2.853494631126736,30522.06
Lenovo,2.0830855038676783,8,256,16.41722321016165,2.7401524069025927,12463.62
Dell,1.7679446530875276,32,1000,14.997679507065374,2.188265602260302,30278.3
HP,1.589326069893853,32,512,12.67013933065662,4.2340530331658455,20984.18
Dell,3.044744845015093,4,512,12.024015867427222,4.185455366192151,12149.15
Dell,3.076195218953597,16,256,12.641907450253814,2.6208193272410396,17787.73
Lenovo,2.8499880895223586,4,512,11.78101712765351,4.261367742375879,12810.42
Acer,2.1032063834737214,16,256,16.678038678902205,4.791502458824946,15105.6
Dell,2.5529789834822973,32,256,15.587398135172261,2.3644924005625407,25528.6
HP,3.050850820411151,4,512,13.869538345785243,2.6297328066009538,15582.83
Asus,2.712590283383743,16,256,16.061743345750582,4.271749205750645,18457.88
Dell,3.92612828042715,8,512,12.479110333426004,2.8836968496165696,17402.52
Dell,1.8840097793572705,16,1000,15.28155423456339,3.8911536127711543,20732.49
Lenovo,3.2421230594668042,4,1000,16.266265500390286,2.2377079630857173,20219.7
Acer,2.4957704770216678,8,256,13.119728574389224,3.4135880843392883,11914.13
Asus,2.5891355937222085,16,512,15.523615257800245,4.182558325456918,20918.88
HP,3.2891080268216575,16,512,12.66138782799404,3.9830501837195946,17648.38
Asus,3.2521301024223863,16,1000,12.741910997229494,4.435186411280874,24889.13
HP,3.980149438490033,16,1000,11.576959434454665,4.659108639394706,26813.62
Acer,1.842657361485158,16,512,13.579130489776016,4.371497341848096,15401.17
HP,1.7334381427863241,8,256,15.378774200975883,4.041288357525174,12654.16
Lenovo,3.3535809032158315,32,1000,16.446590722560302,2.1369585288843362,33194.79
Lenovo,2.9668959936379955,8,256,14.501963531941223,3.65716559173353,13208.29
Lenovo,2.204790587481622,8,256,16.169931716525863,2.096124324429653,14126.07
Lenovo,1.6650183246621064,8,1000,15.944668270389677,4.416806486252688,17618.4
Asus,1.7651345964904037,32,256,12.021383693960173,3.0265319630373666,19969.52
Acer,3.735065703679308,4,256,13.911641014292991,3.6267802711422283,10905.38
HP,2.001509777669752,32,512,11.668811884059929,2.859792565032823,21599.28
HP,2.2987441713764034,8,256,15.091438601111438,4.31166499169503,12152.16
Lenovo,2.0744676775079327,16,512,16.734129387097433,4.714520660087255,17545.52
Lenovo,2.3964045851434257,16,1000,11.856707446767553,3.195030708610435,20698.74
Dell,1.5889616789051308,8,1000,15.34818211189857,4.589146877301873,22049.56
Acer,2.815122921010321,16,512,14.866636484373801,2.8876690167388315,17310.34
Asus,1.7279916528322,8,1000,14.514198917608866,3.5501806302541397,21491.25
HP,3.5170846773256628,16,256,13.439298524637218,4.5870752631770415,16787.41
Dell,2.0555489573093904,32,256,13.245419681024243,2.9686377212924806,23451.45
Dell,2.8695286334958934,4,256,11.156076996403467,4.888747361036408,10146.2
HP,3.7319821348088458,4,1000,12.238730046402585,2.4621050446785984,21133.76
Asus,3.1425674181036967,32,256,11.156145136918607,2.0245631336742598,22161.67
Dell,2.830170653185437,32,1000,14.355311239881807,4.65253617211687,32589.93
Dell,2.303569906013721,8,256,11.748733572282923,2.1654796271595163,13223.51
Acer,2.3251154899844906,8,512,16.210605788593284,4.964026683731428,14047.9
Asus,3.194650695025812,8,1000,14.184860766991713,4.857402127622485,25149.27
Dell,3.9431346832011305,16,1000,15.188828201323389,2.416789169898291,27527.49
Asus,3.1434417797977847,8,256,13.353751388820285,3.7028869246364686,16430.67
HP,2.942326838115391,32,1000,14.44792242217685,2.636002844634175,36615.14
Lenovo,3.3756521335954304,4,1000,16.87601290424277,3.349612843543708,18783.36
Dell,2.6186696180752453,16,512,11.455203575633568,2.309997319610365,18143.57
Acer,1.6164134481640546,8,512,12.497837947474556,2.7129786862229004,14237.95
HP,2.897623422308936,16,256,15.4680019980019,3.1452361433723306,19717.49
Asus,3.92084089677688,16,512,11.700543473572486,3.3561810268328527,21002.21
HP,1.883433125272559,8,256,11.526907849252026,4.964534040316369,9567.38
Dell,3.2233679680041396,16,256,13.030577683559839,4.443316763261087,16839.94
Asus,1.9881088469502517,4,256,11.387816913870843,4.192386980690072,8562.93
Lenovo,2.8793481514112607,32,1000,14.354532150584,3.5487850318340297,28747.13
HP,1.6913838698977213,32,512,12.409265034929424,4.513460583364925,19601.47
Dell,2.6287035591102716,4,256,16.43378709276536,3.0462571919507364,11528.61
Acer,3.378600039117657,16,512,15.627133769522038,4.130310433368647,19467.91
Asus,2.4130227783857743,8,256,15.23817203910748,4.928085141428554,13699.27
HP,3.1802088906086423,16,512,14.714374333986305,2.935592574306427,22849.05
HP,3.471050432196591,4,512,16.151412805500442,4.011152464222746,13814.1
Lenovo,3.8435461419985044,16,256,12.415988115391364,4.529826860358708,18477.49
Lenovo,2.0749403390393764,32,1000,16.142258208487124,4.77196851749835,27343.88
Acer,2.528269680860463,16,512,15.828756927631826,4.18911097466582,17597.15
Acer,1.8739277235994762,4,1000,15.430683234004965,2.825821197702681,17709.52
Dell,4.012848752759001,32,1000,14.510057003006908,3.0279025141074647,34199.54
Dell,3.830584878464555,16,256,12.397040483945084,2.118856002355308,19499.06
Acer,2.9477075581221417,16,256,13.513161729663368,4.298673029666956,15690.18
Acer,3.6034963557785726,32,256,15.766110898236196,2.1614563317835076,27426.78
Asus,2.813880811928749,8,512,11.194856389969745,4.6431686359313336,15792.27
Lenovo,3.0445814777554214,32,256,15.731570895631998,2.3010996109446427,29155.15
Dell,1.722891640512685,8,256,12.337569849465666,2.5683661031568628,10874.48
Lenovo,3.307120997217537,4,512,11.862870211669888,3.390076368866814,12364.97
Lenovo,1.8332512295843182,4,512,11.705258445594028,4.179006163674808,10215.06
Acer,3.605455302019803,32,256,11.12128101378264,2.426821073987971,23341.13
Asus,3.4669691193139456,32,256,14.17384360072547,3.2130112189157622,25849.97
HP,3.2324459006181194,4,256,12.201849643083353,3.4573348386416027,12503.55
Asus,1.5663473367306353,8,256,16.910474283553732,2.685945972353564,15037.79
Asus,2.1849151260486335,4,1000,14.386365805280944,2.264378937719595,20758.76
Lenovo,2.18714914498307,32,1000,11.801437141772142,4.563713235184242,24963.67
Asus,2.37014561989751,4,256,15.248338081661888,3.472457568361924,12980.14
Dell,1.7182456092032294,32,1000,16.503777857150943,2.053486796977099,28350.28
Lenovo,3.8377824304078403,32,512,15.572710289064183,4.381265178577039,30464.85
Dell,2.9291374128506886,4,1000,11.421658583830219,4.971027340450207,18614.07
HP,2.2663692161840308,8,1000,16.447914549299973,3.8690259640509304,18235.28
Lenovo,2.516720580288889,16,256,15.772565285313853,3.5434756794713373,18159.1
HP,2.6344002641865187,4,1000,11.95347057691393,4.6350485316602,20002.05
Lenovo,3.042268176000385,16,1000,11.304526424587365,4.833757602224124,20807.61
Acer,2.7820248584061553,4,1000,14.484536880476183,4.2601456462388265,16427.47
Asus,3.8545683929511796,16,1000,12.045481956484378,3.369157362450846,28375.4
Acer,2.682838842572596,8,512,16.0671374290474,3.8111775179529674,15392.49
HP,4.006119241998318,8,256,13.136383862789193,4.130347424162804,14954.86
Asus,3.6025638061028156,4,256,16.480519529079817,2.518691835927552,16742.19
Lenovo,2.0064937993099408,32,512,14.436574361209056,3.3404519737275433,22689.99
Asus,3.843570464616822,16,1000,12.054305592489687,4.457792345941997,26132.57
Dell,1.8077580562091222,32,512,11.91265846143596,3.9974224964906204,19676.04
Asus,3.5618171116386814,32,1000,14.385135016431091,3.1953636139666326,34999.29
Dell,2.409973495368293,32,512,15.602649166214457,4.012690289948255,25779.27
Asus,3.738406708051051,8,256,15.505856642469682,2.340557848176653,18711.93
Dell,3.6431223117217955,4,256,12.610494944519518,3.1105380225313417,11579.19
HP,3.491794887587297,4,256,12.391694724106559,4.425933578183569,11215.83
Acer,3.494212992912658,8,1000,11.183433146505648,2.660262000316746,18445.6
Lenovo,2.253096212502265,8,1000,15.19803238320178,2.621683387460538,21565.17
Asus,1.7115460328450054,4,512,11.40602493721288,4.769190525815413,15536.32
Acer,2.4427524260139197,32,512,13.53286903753959,2.615116823212817,23200.14
Lenovo,1.942341020951849,16,256,14.712652364357321,2.771935517902511,14200.33
Lenovo,3.2439126786415207,16,1000,16.67330126429449,4.922358131274929,26016.05
Dell,2.3499535602115356,16,512,12.911498091923278,4.137866345587227,19176.02
HP,3.8768032233568435,32,1000,12.629079532305523,4.125991491909274,38046.42
HP,3.0960459455188816,4,1000,14.841724528467475,4.654362271877796,20196.41
Acer,3.555080193291944,8,256,14.70069514916585,2.3711961140336597,13611.73
HP,1.820294812144706,4,256,12.8523318548352,4.1225123298311965,10342.32
Asus,3.5999509717485814,32,1000,16.481002528903872,3.442192957633448,39702.46
HP,3.8547349965029936,8,1000,16.155108796312113,4.448739615174569,19853.63
Acer,2.698488951209009,32,1000,12.270507333895118,3.521632910954444,29066.6
HP,3.0089662044897567,16,1000,12.493697212937146,3.8342352392645953,25658.29
Asus,3.33974027262094,16,256,14.20648088467993,3.4845392005121574,20681.3
Dell,1.984942228611978,32,512,15.627197556384965,3.4611619307159645,26470.11
Acer,2.7424186932065844,8,256,11.305831351514774,4.438528863567843,11268.01
Dell,2.4996114539430088,8,512,15.219475892771674,3.836656280120635,16011.81
Dell,1.8995571037501224,4,1000,14.791695779247254,3.901445335397818,19439.62
Dell,2.39854692958733,16,512,12.339564387853844,3.281672832867863,20112.89
Lenovo,1.6993281230853303,4,256,15.007825182514349,3.4822064502830665,9168.03
Lenovo,1.5026900036954833,4,256,16.598161298705854,4.27328904758702,10325.92
Dell,1.8544453226141961,32,1000,11.3380039256771,4.5026535264841225,26174.65
Acer,3.954955043968525,32,256,12.870296593276993,4.046954684699849,25925.08
Asus,2.8564113343210016,4,1000,13.626248041843587,4.77687044751672,23054.26
Asus,3.948121851492002,16,256,16.312165224193638,4.429508884495325,20396.5
HP,2.6362623753911434,32,256,16.871682452817634,3.6608809966863918,23391.65
Acer,2.2718950775715285,4,1000,13.621082679760125,3.998203987292897,14415.86
Lenovo,2.755228808525114,4,512,15.622008917005944,4.734096571893374,14340.11
Dell,2.571830409207307,4,256,14.194840470094844,3.8216716372381776,12358.29
HP,1.748869805998806,4,512,14.114137642211213,4.439999071742279,15248.88
Asus,3.077604990017337,4,256,12.65491495067449,4.087575453107628,11596.45
Lenovo,2.0131221233211822,4,256,12.216715328985984,3.5170980743821594,9590.83
Lenovo,3.0849349461459146,32,256,12.775180025734501,2.7141331231718193,24167.41
Dell,3.101804950236736,16,256,14.317059020956327,3.2236084645784007,20179.85
Asus,1.8878177902632092,4,512,11.187987936534721,4.850650840189883,12400.97
Acer,1.6545210708331575,8,512,16.413945417334713,3.9470134811136135,13610.3
Lenovo,3.4968468020482337,32,256,11.893274872989592,3.6924691555183107,25340.26
Dell,2.6344063724616498,32,256,12.24264230045907,4.788149283499347,22437.59
Acer,1.656843930163319,4,512,14.1765548936316,3.706332317622436,10975.04
Asus,4.010897883992701,32,1000,15.2468363498797,3.6143323811744876,38607.13
Lenovo,1.689143890710534,4,1000,11.549199056970513,4.232802366107592,16629.73
Acer,3.222055471795025,16,512,12.890311073407599,4.101261544163328,16779.98
Acer,3.9406605390965623,16,256,16.75773868996728,2.593704614520024,19311.42
Acer,2.0660968289210127,32,256,12.549149686543592,3.4299432519370003,18554.43
Lenovo,1.9227124103434377,32,1000,12.89475125555436,3.386961345402107,28412.77
Lenovo,1.8449965217014834,8,1000,15.936259983783659,2.9878654442250765,16810.16
HP,2.2569218270896276,32,512,11.230138430696396,3.5076059021273673,21878.52
Asus,1.8105577020604284,8,1000,13.897941740343638,3.2474166024934457,22398.95
Dell,3.22734745240436,16,512,13.248680064086058,2.632466871098051,23229.13
Acer,1.6774618094681628,16,1000,12.855395694737988,3.233134628947621,19270.34
HP,2.773860477426156,4,1000,12.606687835823847,2.192881540365749,18201.5
Dell,4.003676298184956,16,1000,11.616298840160395,3.842018138608201,29627.49
HP,3.5436785170410534,8,256,12.804480911029025,4.542339340748068,11487.51
Lenovo,3.0252990343762276,32,256,11.257091003417095,4.206472887403221,18757.71
Acer,2.2984090081090893,4,256,15.549128376321285,3.0144295153909884,11218.67
Dell,3.081218163259613,8,1000,13.4548205877772,2.2067052242714764,21632.87
Dell,2.8484344975841736,32,512,13.757571493408957,2.638814478248923,31337.75
Dell,2.574815275290909,4,512,16.40032914633903,3.6886990852737753,15910.06
Dell,1.7995788453971848,16,512,14.8255714926549,2.6016854056394285,18742.04
Dell,3.7677921200978983,8,512,11.115455591565457,3.5394875492733773,15192.67
HP,2.6165849350462835,32,256,16.592861017796483,2.6864192073216353,21723.57
Acer,1.9974782904089652,4,256,12.329189045568539,4.556241903467197,9528.19
Lenovo,2.438459817957892,4,1000,11.615008224898538,3.1967553204678207,21733.5
Lenovo,2.5460470328088465,16,1000,15.576499656417573,2.708482394585423,23345.04
Lenovo,3.5963072495540938,32,512,13.962460003105887,4.429334334778138,31267.09
Lenovo,3.366237289073,16,256,13.704517335940482,2.991028052202147,15875.62
HP,3.416517229011932,16,512,12.65796455781186,2.278871152329503,17998.69
Asus,1.5763421813302874,32,1000,14.175298016185954,3.749011900243265,27756.98
Acer,2.5323778888245663,32,1000,12.591201039669556,3.749582528984102,27511.08
Dell,2.7134628505547327,32,512,16.420917898606003,4.136552847776086,27229.78
Asus,1.5363503465495147,8,1000,12.260129559124177,2.695300912486549,20539.62
Lenovo,2.1293288161830612,32,512,16.338082802676805,3.3223053394499815,24456.05
Asus,3.4320502904690633,4,256,14.429711382839805,2.8551195785673187,11893.74
Acer,1.9364311712452789,16,512,16.030878078753048,2.32929528713778,18943.97
Dell,2.8274225319818695,8,256,15.325854660593716,4.662568323539032,13517.43
Dell,2.074464327283436,32,256,15.31289831029407,4.153293957367569,23054.77
Acer,1.5205245972287273,8,1000,12.818959063537047,2.8716009912411176,17134.93
Acer,2.102689094693173,32,1000,12.52179029218959,3.7575349235997293,26634.84
Lenovo,3.9924119004420846,8,1000,12.232278035357549,2.5937653378407686,21705.79
Dell,3.471636721155215,16,512,16.205959960011583,4.6300872928752685,22130.31
Asus,3.8587968387438902,16,512,15.840187623291765,2.3684602173352123,25040.89
HP,2.7170191503530114,4,1000,13.570761456722382,1.9,21445.8
HP,1.794250177531889,4,512,11.84739706429729,3.5327830086812835,12039.42
Acer,2.883808719584659,32,1000,13.139215110044763,3.7631523447488795,30410.25
Lenovo,2.646763711670692,16,512,14.795216091084532,3.8000330850447948,18363.09
HP,3.611916666294387,8,256,13.827216007067044,2.2073752600411765,16516.5
Dell,1.768802652770129,8,256,15.695358399204286,2.9079465314925943,11883.56
Acer,2.6331926692930963,8,1000,16.997077816354597,3.5358117445709207,22013.44
Asus,1.8525975025823287,4,512,12.080101639100704,2.6413341830210073,13956.96
Acer,2.3088814449466466,8,512,13.811860870149728,4.521162318585476,11635.35
Asus,3.364528737442575,4,256,13.613716631237526,2.2692694653707464,13475.07
Acer,2.7347382776239733,4,256,12.753234764811799,3.430940653987594,9289.63
Acer,2.413167721619409,32,1000,12.157254704314681,4.074259248359306,28335.69
Acer,2.5299030551911854,8,256,11.381405864962293,2.8678257919172094,10087.23
Asus,2.635040070938926,8,1000,16.291291727620656,3.8839615561291625,22841.16
Asus,3.4586440661032216,16,256,13.410059273049908,4.437288707867624,15733.44
Acer,3.7476546979145144,32,256,14.037294735687002,2.6192316755659526,25533.01
HP,3.8822396338806175,16,512,16.482171452733343,4.76978890398141,17792.62
Lenovo,3.5005619938382266,32,256,15.65897204716715,3.6039175065354785,23143.03
Lenovo,2.2763791150166375,8,256,11.736746257711308,2.817384124529448,12030.61
Lenovo,3.208650715477946,4,1000,14.430541523564216,3.243707948185876,19909.2
Asus,2.62556720876476,4,256,13.669409353867868,2.97839074139275,12857.98
Asus,2.1137828234670986,4,1000,15.88028918660301,4.160253373117796,19651.56
HP,3.6096468214243065,4,256,15.383843182706814,4.392959116193167,12244.64
Lenovo,1.5462513923749976,4,256,15.126219579319464,4.431885693417175,9632.76
Lenovo,3.8089941609003946,16,1000,12.984091667479177,5.000465697708095,22340.58
Acer,2.6898902196489383,32,512,15.89905859710886,4.273093694272164,27166.51
Asus,3.1755069080081237,8,1000,11.291741685666251,3.7713833362623057,23586.77
Lenovo,3.1885357174578486,16,1000,11.944012003265307,3.0385840881310413,22839.74
HP,3.7039048448783265,32,1000,12.999981909364056,3.5776547738802806,34049.93
HP,3.1117337012228363,4,512,11.428716029563118,2.1539109823437386,13831.93
Lenovo,3.0072936990335,32,256,12.39760254566976,4.191015527662159,19653.47
Asus,1.7139712266133178,32,1000,16.135002503006113,3.27656310563549,29672.56
HP,2.7629858462236827,4,1000,16.605683462410262,2.1243937924287866,19240.27
Acer,1.8409478555154102,4,512,12.762453797784215,2.1952173341861827,10647.89
HP,3.2952900781928136,4,1000,12.697840777385368,3.1883511953677512,18725.14
Dell,2.765903407393796,8,256,12.649371562718954,3.8011750362829404,15065.31
Dell,3.1798851132773764,4,512,12.630264821379072,3.2616468993813337,15363.64
Asus,1.5663327783307828,8,256,11.29837020165771,3.88935208387498,10081.86
Lenovo,1.7716743132418138,4,256,16.447882428604107,3.40283151714935,11059.18
